0,ACT,0,0,0,0,0
13,RD,0,0,0,0,0,0x0001020304050607
31,RD,0,0,0,0,0,0x0101020304050607
49,RD,0,0,0,0,0,0x0201020304050607
67,RD,0,0,0,0,0,0x0301020304050607
85,RD,0,0,0,0,0,0x0401020304050607
103,RD,0,0,0,0,0,0x0501020304050607
121,RD,0,0,0,0,0,0x0601020304050607
139,RD,0,0,0,0,0,0x0701020304050607
157,RD,0,0,0,0,0,0x0801020304050607
175,RD,0,0,0,0,0,0x0901020304050607
193,RD,0,0,0,0,0,0x0a01020304050607
211,RD,0,0,0,0,0,0x0b01020304050607
229,RD,0,0,0,0,0,0x0c01020304050607
247,RD,0,0,0,0,0,0x0d01020304050607
265,RD,0,0,0,0,0,0x0e01020304050607
283,RD,0,0,0,0,0,0x0f01020304050607
292,PRE,0,0,0,0,0
312,END,0,0,0,0,0
